日期,股票代码,股票简称,基础代码,开盘价:不复权今日,收盘价:不复权今日,个股热度排名昨日,竞价涨幅今日,量比,换手率昨日,大单动向(ddx值)昨日,实体涨跌幅昨日,实体涨跌幅前日,成交量昨日,成交量前日,连续涨停天数昨日,市场20日新高数,市场20日新低数,市场20日高低差,市场60日新高数,市场60日新低数,市场60日高低差
2025-09-10,002176.SZ,江特电机,002176,9.82,9.77,33,-3.82,1.2856730440505542,17.107728,-2339.815,1.491,8.901,291861125.0,227010379.0,0,392,319,73,310,58,252
2025-09-10,300502.SZ,新易盛,300502,340.01,334.95,35,7.83,0.6669246667451803,5.988353,615.103,2.703,-7.497,53004985.0,79476720.0,0,392,319,73,310,58,252
2025-09-10,600410.SH,华胜天成,600410,18.2,18.56,46,0.497,0.7735033507905945,13.77181,-4107.858,-3.619,-3.69,151007170.0,195224972.0,0,392,319,73,310,58,252
2025-09-11,002547.SZ,春兴精工,002547,6.5,6.82,6,-3.988,2.02869633979147,42.434296,0.0,3.834,15.108,468817152.0,231092817.0,0,504,52,452,428,16,412
2025-09-11,002759.SZ,天际股份,002759,17.56,17.8,11,0.114,1.90660327698002,46.613705,5238.954,9.625,0.0,233507671.0,122473130.0,0,504,52,452,428,16,412
2025-09-11,002195.SZ,岩山科技,002195,7.87,8.18,13,0.127,0.8080088749273502,12.062458,6538.547,2.611,-6.503,675649897.0,836191183.0,0,504,52,452,428,16,412
2025-09-12,600376.SH,首开股份,600376,5.0,5.51,7,-0.2,2.232676255393373,17.201806,5979.365,5.252,6.849,443731809.0,198744358.0,0,456,158,298,377,60,317
2025-09-12,601929.SH,吉视传媒,601929,5.81,6.25,17,0.693,0.6849848469275023,17.189674,3702.983,-0.689,4.122,599883244.0,875761335.0,0,456,158,298,377,60,317
2025-09-12,002709.SZ,天赐材料,002709,28.78,28.04,28,0.489,0.8951855909882214,12.430807,3736.694,3.431,0.579,172154815.0,192311870.0,0,456,158,298,377,60,317
2025-09-15,300450.SZ,先导智能,300450,55.79,55.59,10,1.807,1.0956345451131124,16.769024,-8568.462,-5.939,4.392,261498581.0,238673180.0,0,487,343,144,399,126,273
2025-09-15,002251.SZ,步步高,002251,6.5,6.77,12,-2.256,1.0444002882499348,24.041864,-14797.249,-3.763,0.286,513551575.0,491719105.0,0,487,343,144,399,126,273
2025-09-15,601116.SH,三江购物,601116,16.04,18.19,26,-3.023,1.830754078521618,18.630436,-485.88,-2.991,8.195,102034878.0,55733798.0,0,487,343,144,399,126,273
2025-09-16,600021.SH,上海电力,600021,21.54,21.07,9,-0.646,1.7534622817183387,11.444011,-7888.697,-1.989,0.863,322348468.0,183835416.0,0,649,194,455,523,80,443
2025-09-16,002050.SZ,三花智控,002050,36.18,39.23,34,1.458,1.2010880966972586,6.216907,-31.42,2.471,-1.457,229050988.0,190702904.0,0,649,194,455,523,80,443
2025-09-16,603083.SH,剑桥科技,603083,113.0,119.9,39,3.67,1.780455114064066,24.124618,856.212,5.828,8.064,64658764.0,36315863.0,0,649,194,455,523,80,443
2025-09-17,002642.SZ,荣联科技,002642,11.09,10.55,28,-0.627,1.3246660136115496,31.354887,-5992.647,-3.544,6.078,207437766.0,156596277.0,0,564,218,346,469,69,400
2025-09-17,002115.SZ,三维通信,002115,12.36,12.06,30,0.488,0.831095464577041,27.088323,-3773.281,-1.6,-1.695,203757156.0,245166969.0,0,564,218,346,469,69,400
2025-09-17,600021.SH,上海电力,600021,21.1,20.4,47,0.142,0.6350163078795833,7.267133,-4563.874,-2.182,-1.989,204696534.0,322348468.0,0,564,218,346,469,69,400
2025-09-18,002050.SZ,三花智控,002050,43.01,45.55,6,2.649,1.5467679787362445,9.992624,8596.977,2.22,8.43,368160613.0,238019288.0,0,334,887,-553,293,289,4
2025-09-18,002249.SZ,大洋电机,002249,10.98,10.6,16,0.734,1.528495913330267,23.532206,585.852,4.147,8.82,430601287.0,281715694.0,0,334,887,-553,293,289,4
2025-09-18,603959.SH,百利科技,603959,6.94,7.02,25,-5.45,2.745871514037089,41.084993,-694.618,1.944,0.0,201439309.0,73360792.0,0,334,887,-553,293,289,4
2025-09-19,002617.SZ,露笑科技,002617,10.71,10.05,10,1.038,6.571599338176634,32.848959,-11603.903,-7.826,0.0,621322880.0,94546677.0,0,284,953,-669,237,344,-107
2025-09-19,601929.SH,吉视传媒,601929,4.78,4.78,17,-4.781,1.1523907178248092,17.448737,-19137.611,-7.209,-7.363,608923979.0,528400628.0,0,284,953,-669,237,344,-107
2025-09-19,002195.SZ,岩山科技,002195,8.36,8.03,18,0.12,1.154267277908502,15.508221,-9984.553,-2.907,-1.262,868656096.0,752560618.0,0,284,953,-669,237,344,-107
2025-09-22,002050.SZ,三花智控,002050,41.87,42.97,5,0.528,0.7844271256229842,10.357146,-7017.762,-4.032,5.906,381590784.0,486457915.0,0,362,1165,-803,298,539,-241
2025-09-22,600162.SH,香江控股,600162,2.7,2.7,28,-9.699,6.122607740748073,18.39596,-3232.584,-5.678,5.495,601260597.0,98203351.0,0,362,1165,-803,298,539,-241
2025-09-22,002031.SZ,巨轮智能,002031,8.95,8.83,44,0.562,0.6583683204640988,20.486701,-13239.555,-3.68,5.549,397186658.0,603289444.0,0,362,1165,-803,298,539,-241
2025-09-23,600410.SH,华胜天成,600410,21.01,20.18,15,-1.546,0.8380291367897781,22.260336,-6298.927,-0.79,-7.292,244083406.0,291258854.0,0,329,1937,-1608,257,883,-626
2025-09-23,600162.SH,香江控股,600162,2.49,2.43,31,-7.778,0.812651408454095,14.949503,-15201.364,0.0,-5.678,488615271.0,601260597.0,0,329,1937,-1608,257,883,-626
2025-09-23,601869.SH,长飞光纤,601869,115.3,117.27,46,0.017,1.289119468584557,7.851114,129.597,-4.364,4.796,31902087.0,24747192.0,0,329,1937,-1608,257,883,-626
2025-09-24,000981.SZ,山子高科,000981,4.11,3.82,1,-3.066,1.7920529393385003,31.039192,-21687.738,-5.145,10.078,2952868940.0,1647757650.0,0,529,174,355,402,60,342
2025-09-24,600400.SH,红豆股份,600400,3.2,3.83,24,-8.046,4.684642749239891,22.605491,-12880.882,-11.675,0.826,517975880.0,110568918.0,0,529,174,355,402,60,342
2025-09-24,002654.SZ,万润科技,002654,15.12,15.57,79,1.613,0.9586484925809484,21.490577,-176.357,-1.261,9.785,181647507.0,189482911.0,0,529,174,355,402,60,342
2025-09-25,002549.SZ,凯美特气,002549,25.15,27.55,3,-3.603,1.0737999907890323,33.773346,1567.846,-1.099,10.71,233832985.0,217762141.0,0,362,935,-573,280,455,-175
2025-09-25,600376.SH,首开股份,600376,6.99,7.1,11,-1.549,0.778620597552247,13.867624,-9214.114,-5.333,1.457,357724412.0,459433533.0,0,362,935,-573,280,455,-175
2025-09-25,002050.SZ,三花智控,002050,44.99,44.05,13,0.988,0.7822302943597704,7.054913,6681.344,1.25,5.21,259925848.0,332288138.0,0,362,935,-573,280,455,-175
2025-09-26,002402.SZ,和而泰,002402,51.1,48.18,9,-2.852,0.7811161062968901,25.40744,-4842.942,-6.088,-7.758,204741239.0,262113708.0,0,282,1039,-757,205,420,-215
2025-09-26,300450.SZ,先导智能,300450,64.69,65.49,13,-0.584,0.8143954827542565,10.49149,-5291.77,-2.866,8.623,163605802.0,200892325.0,0,282,1039,-757,205,420,-215
2025-09-26,300111.SZ,向日葵,300111,8.65,7.83,27,-3.889,1.6143059474606551,37.665438,-11983.415,-1.099,21.045,484833555.0,300335606.0,0,282,1039,-757,205,420,-215
2025-09-29,002298.SZ,中电鑫龙,002298,12.85,11.99,2,-0.078,1.425551030232418,52.777901,-11514.013,-4.741,7.232,348679059.0,244592478.0,0,391,491,-100,276,249,27
2025-09-29,002600.SZ,领益智造,002600,15.02,16.18,16,2.107,0.719396186743408,5.791952,-13093.181,-5.954,1.858,399626650.0,555502875.0,0,391,491,-100,276,249,27
2025-09-29,600376.SH,首开股份,600376,7.03,7.4,23,0.861,0.7477084733895997,9.227459,1646.737,1.015,1.574,238028344.0,318343783.0,0,391,491,-100,276,249,27
2025-10-10,600021.SH,上海电力,600021,23.52,25.12,40,1.031,0.9683462564846292,5.995229,5637.884,7.978,7.411,169136532.0,174665344.0,1,539,479,60,306,150,156
2025-10-10,688347.SH,华虹公司,688347,122.05,113.1,56,-4.909,1.4091683318609274,14.56056,-96.732,5.205,17.101,59370687.0,42131721.0,0,539,479,60,306,150,156
2025-10-10,600468.SH,百利电气,600468,7.51,7.86,80,-2.972,1.0510298237956155,18.270563,1528.734,2.381,7.934,198735370.0,189086328.0,0,539,479,60,306,150,156
2025-10-13,000981.SZ,山子高科,000981,4.49,4.31,1,-0.883,2.1524250737037027,27.235252,-50628.474,-5.821,4.484,2590986590.0,1203752280.0,0,520,982,-462,302,404,-102
2025-10-13,000021.SZ,深科技,000021,30.05,31.39,4,-5.265,2.188171380384072,24.625325,6227.478,6.122,0.0,385886082.0,176350941.0,0,520,982,-462,302,404,-102
2025-10-13,002050.SZ,三花智控,002050,42.4,43.16,5,-6.895,1.0463460473830548,7.658537,-7192.449,-6.103,5.085,282165303.0,269667290.0,0,520,982,-462,302,404,-102
2025-10-14,603300.SH,海南华铁,603300,7.55,7.57,4,-7.362,26.86006524867318,23.089914,8225.407,15.439,0.0,461055706.0,17165100.0,0,385,1343,-958,205,535,-330
2025-10-14,600635.SH,大众公用,600635,7.24,6.91,22,1.828,2.8651831933074274,22.740096,-2272.874,3.796,6.917,550035564.0,191972215.0,0,385,1343,-958,205,535,-330
2025-10-14,002241.SZ,歌尔股份,002241,33.85,32.02,51,1.256,0.9714945310202526,6.456342,907.814,2.274,-8.009,199718983.0,205579112.0,0,385,1343,-958,205,535,-330
2025-10-15,601212.SH,白银有色,601212,5.53,5.4,8,0.0,1.2563718275437332,10.509291,-15833.29,-8.595,10.474,778189369.0,619394157.0,0,553,97,456,286,28,258
2025-10-15,000021.SZ,深科技,000021,29.5,29.5,18,2.253,0.8797500351428345,17.346234,-7849.365,-8.413,4.459,271820585.0,308974793.0,0,553,97,456,286,28,258
2025-10-15,603300.SH,海南华铁,603300,7.72,7.72,22,1.982,0.6270873480958503,14.479393,-8566.584,0.265,15.439,289122200.0,461055706.0,0,553,97,456,286,28,258
2025-10-16,002549.SZ,凯美特气,002549,26.53,25.71,5,-1.959,0.8027823762525799,26.807198,-812.01,-3.357,-0.835,185602192.0,231198638.0,0,329,920,-591,179,420,-241
2025-10-16,002208.SZ,合肥城建,002208,10.89,11.81,8,1.397,1.1132956277381658,22.395297,-2751.377,-8.284,0.0,179853138.0,161550206.0,0,329,920,-591,179,420,-241
2025-10-16,601606.SH,长城军工,601606,50.3,53.1,13,-3.046,0.6770429124804729,13.313977,-1521.274,-7.374,5.66,96423608.0,142418754.0,0,329,920,-591,179,420,-241
2025-10-17,002156.SZ,通富微电,002156,41.18,38.77,7,-3.83,1.188892312018515,11.050486,-4661.806,-0.834,2.066,167685855.0,141043771.0,0,185,2115,-1930,102,1037,-935
2025-10-17,002759.SZ,天际股份,002759,23.28,24.16,10,2.105,1.4312251207863202,33.645596,-5320.514,-5.04,3.494,168544956.0,117762715.0,0,185,2115,-1930,102,1037,-935
2025-10-17,605188.SH,国光连锁,605188,21.34,19.09,14,2.498,1.1786454468216063,11.661207,-207.27,3.737,6.687,58581069.0,49702028.0,0,185,2115,-1930,102,1037,-935
2025-10-20,000969.SZ,安泰科技,000969,19.2,19.42,6,-1.841,0.9599238862864992,24.365553,-7642.207,-2.004,0.694,251743301.0,262253398.0,0,324,322,2,172,136,36
2025-10-20,601011.SH,宝泰隆,601011,3.96,4.4,23,-1.0,1.231906667979204,24.868263,-4116.972,3.093,12.216,476392505.0,386711524.0,0,324,322,2,172,136,36
2025-10-20,002460.SZ,赣锋锂业,002460,62.0,60.69,24,1.706,1.2091815985951757,8.281909,-3082.063,-6.215,-0.077,100031873.0,82726923.0,0,324,322,2,172,136,36
2025-10-21,002185.SZ,华天科技,002185,12.4,13.09,4,-1.976,2.46591659300605,13.666162,-8933.976,-4.094,0.0,441200988.0,178919672.0,0,515,56,459,259,24,235
2025-10-21,002208.SZ,合肥城建,002208,12.75,14.31,6,-1.999,1.220882043593868,26.087543,-2851.251,-1.589,12.079,209504991.0,171601337.0,0,515,56,459,259,24,235
2025-10-21,002017.SZ,东信和平,002017,27.5,27.67,13,-2.482,2.252854751111071,22.359844,2408.228,6.98,9.378,129706301.0,57574196.0,0,515,56,459,259,24,235
2025-10-22,000626.SZ,远大控股,000626,9.72,9.66,16,-9.413,1.2277903910415542,22.895144,357.602,-2.455,0.0,115326624.0,93930222.0,0,497,253,244,206,99,107
2025-10-22,601212.SH,白银有色,601212,5.15,5.38,21,-8.688,1.3491607523982097,7.071241,-10472.189,-4.082,-2.0,523609458.0,388100126.0,0,497,253,244,206,99,107
2025-10-22,300476.SZ,胜宏科技,300476,274.61,278.6,22,-2.326,1.1487194049165474,7.656011,1640.729,6.094,0.083,65474387.0,56997720.0,0,497,253,244,206,99,107
2025-10-23,002208.SZ,合肥城建,002208,14.96,14.32,5,-2.794,1.7598891331815056,24.990053,5978.036,2.463,12.235,200691217.0,114036284.0,0,763,314,449,261,103,158
2025-10-23,605255.SH,天普股份,605255,88.0,95.57,28,-4.535,1.120378136436439,6.359172,284.213,8.968,2.197,8526379.0,7610269.0,1,763,314,449,261,103,158
2025-10-23,301563.SZ,云汉芯城,301563,202.0,237.11,33,-3.02,1.2256452691594035,66.150694,0.0,13.201,19.086,9229153.0,7530036.0,0,763,314,449,261,103,158
2025-10-24,600172.SH,黄河旋风,600172,7.53,6.96,1,-2.587,2.0539423904727623,42.066238,-11353.224,-4.686,3.763,536872788.0,261386488.0,0,530,153,377,216,73,143
2025-10-24,601608.SH,中信重工,601608,7.13,6.88,11,-0.28,23.644749896698738,11.825407,-14430.873,-11.18,0.0,538123202.0,22758676.0,0,530,153,377,216,73,143
2025-10-24,002402.SZ,和而泰,002402,52.37,55.72,12,1.709,1.936407870988086,12.115045,-1182.092,1.96,-2.353,97626890.0,50416491.0,0,530,153,377,216,73,143
2025-10-27,600403.SH,大有能源,600403,9.01,9.28,4,-0.552,3.043641351622997,8.943537,-3408.776,-8.945,1.79,213823201.0,70252430.0,0,709,116,593,308,48,260
2025-10-27,002208.SZ,合肥城建,002208,14.5,13.88,10,1.328,1.0730214398788345,22.185833,-116.452,0.421,-4.278,178170962.0,166046041.0,0,709,116,593,308,48,260
2025-10-27,000969.SZ,安泰科技,000969,19.04,20.89,18,0.263,0.9617440107626678,20.029193,-2725.555,-5.616,-3.445,206940314.0,215171929.0,0,709,116,593,308,48,260
2025-10-28,002050.SZ,三花智控,002050,49.0,52.61,4,0.782,0.9112289285898711,6.427492,0.0,-0.816,1.102,236809609.0,259879380.0,0,675,239,436,254,98,156
2025-10-28,600403.SH,大有能源,600403,8.68,8.6,6,-6.466,0.9950128844998444,8.898934,502.575,2.997,-8.945,212756840.0,213823201.0,0,675,239,436,254,98,156
2025-10-28,002490.SZ,山东墨龙,002490,8.03,7.92,27,-3.136,0.952969775373029,32.770782,149.182,3.367,-11.833,177526540.0,186287692.0,0,675,239,436,254,98,156
2025-10-29,601138.SH,工业富联,601138,78.12,80.8,6,5.582,0.8634402822195756,1.021262,1679.27,3.948,5.053,202804199.0,234879242.0,0,583,254,329,309,129,180
2025-10-29,600376.SH,首开股份,600376,7.08,6.61,12,-2.075,2.6069828966113007,17.784753,4668.179,3.286,7.5,458769329.0,175977115.0,0,583,254,329,309,129,180
2025-10-29,600403.SH,大有能源,600403,8.34,8.53,19,-3.023,0.8241992783874774,7.334495,-1841.618,-0.922,2.997,175354034.0,212756840.0,0,583,254,329,309,129,180
2025-10-30,002512.SZ,达华智能,002512,4.94,5.1,12,-4.817,2.163210989650734,40.097612,-12411.892,-5.636,1.887,438849030.0,202869268.0,0,402,654,-252,227,339,-112
2025-10-30,000620.SZ,盈新发展,000620,3.1,2.76,15,1.974,20.26034095131733,23.122172,-29460.268,-6.462,0.0,1080209820.0,53316468.0,0,402,654,-252,227,339,-112
2025-10-30,300300.SZ,海峡创新,300300,9.15,8.54,23,-1.401,2.233101946010716,45.4123,-7460.569,-7.937,7.991,302811317.0,135601206.0,0,402,654,-252,227,339,-112
2025-10-31,002709.SZ,天赐材料,002709,41.77,39.87,10,2.027,1.248600615146684,12.250433,1715.265,4.492,5.835,169658367.0,135878811.0,0,614,194,420,240,65,175
2025-10-31,300274.SZ,阳光电源,300274,195.59,189.8,12,0.467,0.8753163433156773,7.999911,-2502.471,-0.113,12.648,127175347.0,145290726.0,0,614,194,420,240,65,175
2025-10-31,000620.SZ,盈新发展,000620,2.76,2.48,20,0.0,0.8312347817760072,19.219954,-27535.844,-10.968,-6.462,897907974.0,1080209820.0,0,614,194,420,240,65,175
2025-11-03,002709.SZ,天赐材料,002709,40.68,40.31,7,2.032,1.2847858131276249,15.739183,-7265.822,-4.549,4.492,217974663.0,169658367.0,0,974,268,706,381,87,294
2025-11-03,002460.SZ,赣锋锂业,002460,70.49,68.32,14,2.13,0.913981162360318,11.03778,-4427.228,-4.139,4.626,133708230.0,146292107.0,0,974,268,706,381,87,294
2025-11-03,002176.SZ,江特电机,002176,11.22,11.14,17,-0.796,1.168574750593955,23.225901,-11988.75,-2.416,10.732,396238327.0,339078289.0,0,974,268,706,381,87,294
2025-11-04,603686.SH,福龙马,603686,30.0,33.47,1,-1.413,2.271063090828634,45.000253,-5544.555,-7.676,3.513,186944734.0,82315958.0,0,735,643,92,293,224,69
2025-11-04,300300.SZ,海峡创新,300300,10.68,12.97,18,-1.203,0.937759933837645,39.913379,471.431,6.503,22.315,266144258.0,283808519.0,0,735,643,92,293,224,69
2025-11-04,002709.SZ,天赐材料,002709,40.91,39.56,45,1.489,0.7012736888598837,11.037475,1213.174,-0.91,-4.549,152859896.0,217974663.0,0,735,643,92,293,224,69
2025-11-05,000555.SZ,神州信息,000555,21.9,21.26,2,0.0,1.1569560439013402,25.969626,4320.356,9.555,13.315,252399728.0,218158442.0,0,1017,416,601,427,141,286
2025-11-05,002370.SZ,亚太药业,002370,8.73,8.75,25,-3.642,1.7365648187404774,38.866221,1742.044,2.955,3.81,289812795.0,166888556.0,0,1017,416,601,427,141,286
2025-11-05,000892.SZ,欢瑞世纪,000892,8.06,8.15,32,-2.892,3.340885605163833,28.812082,2718.674,4.01,4.667,204806788.0,61303143.0,0,1017,416,601,427,141,286
2025-11-06,603686.SH,福龙马,603686,34.0,30.87,2,-0.875,1.5068143104787513,45.514693,-151.046,0.853,11.567,189081875.0,125484523.0,0,812,168,644,403,85,318
2025-11-06,300591.SZ,万里马,300591,12.14,11.4,42,-4.334,1.48622105502137,53.608278,-683.154,2.92,22.488,187867440.0,126406122.0,0,812,168,644,403,85,318
2025-11-06,600745.SH,闻泰科技,600745,41.4,41.02,47,-3.9,0.5600651363030491,5.45805,-1934.2,-0.462,2.142,67932861.0,121294572.0,0,812,168,644,403,85,318
2025-11-07,600089.SH,特变电工,600089,25.5,26.5,2,0.236,1.87598233586111,16.623515,-8433.25,-0.935,12.611,839951742.0,447739686.0,0,828,438,390,399,210,189
2025-11-07,002639.SZ,雪人集团,002639,13.2,13.96,5,-1.272,1.847187507035242,57.22944,-12411.526,-3.256,2.315,372345791.0,201574442.0,0,828,438,390,399,210,189
2025-11-07,603122.SH,合富中国,603122,14.14,15.77,7,-1.395,21.37431137306101,31.504737,4180.181,0.0,0.0,125405436.0,5867110.0,8,828,438,390,399,210,189
2025-11-10,603686.SH,福龙马,603686,30.3,31.91,8,-5.016,1.4035066725663567,33.42197,1147.979,6.689,-9.206,138845026.0,98927229.0,0,1173,280,893,478,106,372
2025-11-10,601012.SH,隆基绿能,601012,22.88,22.8,12,2.006,1.90545010187019,5.573133,-678.45,3.651,-0.366,422335016.0,221645802.0,0,1173,280,893,478,106,372
2025-11-10,300475.SZ,香农芯创,300475,180.0,195.82,15,5.882,1.1109839159804888,8.75166,-95.617,8.17,4.591,38978123.0,35084327.0,0,1173,280,893,478,106,372
2025-11-11,000572.SZ,海马汽车,000572,9.7,9.95,2,-4.434,1.431482364637812,40.276641,-10912.719,-1.932,0.0,661444382.0,462069529.0,0,1205,397,808,471,164,307
2025-11-11,002181.SZ,粤传媒,002181,10.2,10.13,31,-1.923,0.7985281034068331,13.580133,-4719.241,-2.531,-0.094,154069353.0,192941679.0,0,1205,397,808,471,164,307
2025-11-11,002611.SZ,东方精工,002611,19.95,19.7,54,0.151,0.8184942846729186,14.133207,-2203.331,-1.435,-4.125,141642677.0,173052738.0,0,1205,397,808,471,164,307
2025-11-12,002759.SZ,天际股份,002759,40.8,46.71,5,-3.91,1.515626188112603,27.68146,1741.413,7.494,2.921,138668088.0,91492275.0,0,733,635,98,354,301,53
2025-11-12,002050.SZ,三花智控,002050,44.3,43.88,9,0.911,0.852915385344651,5.853842,-6157.795,-4.399,-4.831,215674507.0,252867413.0,0,733,635,98,354,301,53
2025-11-12,002639.SZ,雪人集团,002639,13.73,13.31,12,-2.624,0.7676018857596862,39.030267,-6705.734,-3.292,8.46,253938455.0,330820520.0,0,733,635,98,354,301,53
2025-11-13,000572.SZ,海马汽车,000572,9.06,10.04,9,-0.767,0.8435322134460793,27.081592,-14824.943,-6.263,2.577,444748276.0,527245159.0,0,1148,157,991,521,77,444
2025-11-13,002255.SZ,海陆重工,002255,12.31,13.36,25,-1.283,0.8011210257416124,32.637818,-6217.687,-5.602,-4.828,208220223.0,259911070.0,0,1148,157,991,521,77,444
2025-11-13,002709.SZ,天赐材料,002709,43.5,47.2,31,1.375,0.9396755265395804,11.612686,3358.769,0.965,0.23,166092966.0,176755658.0,0,1148,157,991,521,77,444
2025-11-14,002759.SZ,天际股份,002759,46.51,45.44,2,-3.945,0.9857306514749694,28.255461,977.985,9.3,14.485,141543499.0,143592470.0,0,911,621,290,434,274,160
2025-11-14,002374.SZ,中锐股份,002374,3.93,3.86,33,-6.429,2.596825970010362,35.1504,-5211.139,-3.226,9.067,381455404.0,146892941.0,0,911,621,290,434,274,160
2025-11-14,002506.SZ,协鑫集成,002506,3.12,3.22,37,-1.577,0.7361238759409521,15.408197,1111.755,2.589,1.954,900521501.0,1223328750.0,0,911,621,290,434,274,160
2025-11-17,603686.SH,福龙马,603686,32.38,31.21,6,-2.175,1.105811223717218,32.008877,-3516.211,-1.194,4.351,132974608.0,120250731.0,0,866,519,347,420,190,230
2025-11-17,002196.SZ,方正电机,002196,13.66,13.69,20,-4.476,0.8819710201657717,33.87724,-2681.081,-4.667,-2.625,165417624.0,187554489.0,0,866,519,347,420,190,230
2025-11-17,002050.SZ,三花智控,002050,41.66,41.85,21,-1.93,0.8431096680718663,3.887356,-2973.923,-1.53,2.286,143217891.0,169868638.0,0,866,519,347,420,190,230
2025-11-18,000572.SZ,海马汽车,000572,11.16,11.5,4,2.011,1.1110548287693458,32.241839,-10947.315,-2.928,4.191,529492591.0,476567472.0,0,371,849,-478,170,312,-142
2025-11-18,600693.SH,东百集团,600693,11.13,10.53,8,-4.872,3.507165254040552,25.487479,2013.402,2.993,12.016,221474161.0,63149052.0,0,371,849,-478,170,312,-142
2025-11-18,000632.SZ,三木集团,000632,8.05,7.88,12,-8.0,1.3741619431662078,45.137701,7003.59,10.62,0.0,210107697.0,152898789.0,7,371,849,-478,170,312,-142
2025-11-19,002639.SZ,雪人集团,002639,15.31,15.65,2,0.065,1.4161600868398587,50.328752,-6766.283,-4.435,12.868,327448577.0,231222854.0,0,247,1412,-1165,145,620,-475
2025-11-19,002083.SZ,孚日股份,002083,11.5,11.21,3,-7.705,58.57466320588194,37.878544,-7556.605,-10.809,0.0,358454329.0,6119614.0,0,247,1412,-1165,145,620,-475
2025-11-19,603366.SH,日出东方,603366,11.59,11.58,14,-9.946,17.324364823128345,25.311457,-269.012,-3.74,0.0,205794328.0,11878896.0,0,247,1412,-1165,145,620,-475
2025-11-20,000620.SZ,盈新发展,000620,3.56,3.24,14,-1.111,0.710595460781765,14.771154,9298.832,4.956,-15.196,690071239.0,971116869.0,0,210,1525,-1315,109,704,-595
2025-11-20,300274.SZ,阳光电源,300274,181.0,177.36,68,2.55,0.5856337861807873,3.075211,-70.173,1.419,-4.72,48886934.0,83476970.0,0,210,1525,-1315,109,704,-595
2025-11-20,002878.SZ,元隆雅图,002878,20.63,20.5,75,-1.197,2.319743592232126,29.480581,-312.419,-0.524,10.907,69554373.0,29983647.0,0,210,1525,-1315,109,704,-595
2025-11-21,300094.SZ,国联水产,300094,4.38,4.73,34,-7.983,1.1632515825489649,43.656506,-14058.6,-11.852,16.957,482630277.0,414897589.0,0,113,3250,-3137,49,1784,-1735
2025-11-21,600280.SH,中央商场,600280,3.57,3.51,50,-8.462,3.6494732063021,20.697357,-7422.446,-17.722,0.0,233535480.0,63991559.0,0,113,3250,-3137,49,1784,-1735
2025-11-21,601360.SH,三六零,601360,12.95,12.61,51,-0.461,0.793510636043218,4.047604,-9166.054,-4.549,-1.942,283314413.0,357039213.0,0,113,3250,-3137,49,1784,-1735
2025-11-24,000798.SZ,中水渔业,000798,15.1,16.6,10,0.066,1.7738272891767208,26.461163,3226.817,9.825,0.0,96804517.0,54573812.0,6,240,606,-366,103,256,-153
2025-11-24,002407.SZ,多氟多,002407,32.43,31.12,12,1.028,0.9799406572338392,20.227287,-6783.087,-0.711,-9.086,218566120.0,223040159.0,0,240,606,-366,103,256,-153
2025-11-24,000566.SZ,海南海药,000566,8.05,7.64,13,-3.938,1.8267797794782648,34.274095,-11797.711,-0.238,13.793,399599880.0,218745513.0,0,240,606,-366,103,256,-153
2025-11-25,601138.SH,工业富联,601138,56.36,56.61,4,0.751,1.7447591429226808,1.6719,-6947.597,-8.295,-3.775,332009071.0,190289343.0,0,269,206,63,124,99,25
2025-11-25,002474.SZ,榕基软件,002474,11.51,13.71,5,-7.624,1.778080536227589,69.974064,-1575.63,-4.154,13.285,371398503.0,208876086.0,0,269,206,63,124,99,25
2025-11-25,300589.SZ,江龙船艇,300589,24.43,24.22,15,-9.182,1.0013389403230977,55.214003,4262.648,23.906,17.876,127879449.0,127708455.0,1,269,206,63,124,99,25
2025-11-26,300058.SZ,蓝色光标,300058,10.96,10.93,3,0.551,1.046818234802262,38.956696,-19883.667,0.739,14.362,1355704650.0,1295071680.0,0,223,498,-275,134,266,-132
2025-11-26,000505.SZ,京粮控股,000505,8.41,8.12,53,-6.763,3.798372490411424,22.379138,1657.456,2.152,11.375,141521274.0,37258398.0,0,223,498,-275,134,266,-132
2025-11-26,300094.SZ,国联水产,300094,4.34,4.11,84,-2.032,0.9126133995538058,29.336513,-697.463,-5.945,11.991,324320257.0,355375296.0,0,223,498,-275,134,266,-132
2025-11-27,000592.SZ,平潭发展,000592,9.43,9.75,2,0.964,0.8721237575328344,25.118641,-9076.325,-3.811,2.902,481045205.0,551579063.0,0,206,421,-215,126,230,-104
2025-11-27,300058.SZ,蓝色光标,300058,10.79,10.59,7,-1.281,0.7317699212730442,28.507339,-19841.278,-0.274,0.739,992063885.0,1355704650.0,0,206,421,-215,126,230,-104
2025-11-27,600343.SH,航天动力,600343,21.64,22.35,12,-0.688,2.0380344069625305,27.499745,-2184.557,-3.584,0.0,175505121.0,86114896.0,0,206,421,-215,126,230,-104
2025-11-28,002264.SZ,新华都,002264,10.6,9.53,8,0.094,41.34280077515992,43.333418,-8215.337,-10.784,0.0,283739776.0,6863100.0,0,288,115,173,158,63,95
2025-11-28,600693.SH,东百集团,600693,9.31,9.98,10,-4.806,1.5339665676368432,24.701833,-7154.909,-5.962,9.886,214647273.0,139929564.0,0,288,115,173,158,63,95
2025-11-28,002413.SZ,雷科防务,002413,7.0,7.66,12,0.575,1.433738972129066,44.159769,-18301.952,-8.3,0.0,571020888.0,398273953.0,0,288,115,173,158,63,95
2025-12-01,603122.SH,合富中国,603122,22.9,23.24,5,-3.862,1.0534021340391218,27.283324,2553.338,12.891,4.528,108601992.0,103096423.0,0,386,120,266,177,49,128
2025-12-01,000070.SZ,特发信息,000070,13.49,14.19,6,-3.712,0.7548683751674645,30.757008,-5957.215,-4.369,6.333,273331032.0,362090983.0,0,386,120,266,177,49,128
2025-12-01,002407.SZ,多氟多,002407,34.57,34.5,11,0.058,1.2582062113456975,18.338933,5986.819,8.648,1.124,198161493.0,157495243.0,0,386,120,266,177,49,128
2025-12-02,603778.SH,国晟科技,603778,13.0,13.11,6,1.961,1.5118413649158684,26.60991,5702.124,7.504,8.622,171063709.0,113149245.0,3,297,376,-79,182,217,-35
2025-12-02,600828.SH,茂业商业,600828,5.55,6.53,15,-6.566,2.532022094053164,12.187538,-6866.205,-12.13,0.0,211010196.0,83336633.0,0,297,376,-79,182,217,-35
2025-12-02,000678.SZ,襄阳轴承,000678,14.45,14.32,22,-1.433,1.5275196079661375,21.536722,-3299.511,-1.013,11.48,98985319.0,64801341.0,0,297,376,-79,182,217,-35
2025-12-03,603122.SH,合富中国,603122,24.0,23.0,5,-6.103,1.157373274680951,25.12722,3333.985,11.179,1.485,100019563.0,86419451.0,1,241,772,-531,157,468,-311
2025-12-03,603778.SH,国晟科技,603778,12.86,12.64,9,-1.907,1.2896174255171795,34.316604,3921.898,0.846,7.504,220606740.0,171063709.0,0,241,772,-531,157,468,-311
2025-12-03,002519.SZ,银河电子,002519,5.74,6.52,18,-3.204,3.290355434440239,34.575323,3991.038,6.847,0.0,386823694.0,117562890.0,0,241,772,-531,157,468,-311
2025-12-04,000592.SZ,平潭发展,000592,10.9,11.1,2,-3.283,2.300638965841485,37.510996,-23707.41,-13.241,9.258,718370254.0,312248147.0,0,198,1109,-911,116,616,-500
2025-12-04,002413.SZ,雷科防务,002413,8.48,8.3,6,-3.196,0.9574509334231796,47.078054,-13732.894,-5.603,6.674,608756630.0,635809741.0,0,198,1109,-911,116,616,-500
2025-12-04,002792.SZ,通宇通讯,002792,27.57,28.14,10,-1.711,39.31079873975269,59.649435,-6514.825,-7.882,0.0,198873606.0,5059007.0,0,198,1109,-911,116,616,-500
2025-12-05,000592.SZ,平潭发展,000592,10.8,11.87,2,-2.703,0.712581323001161,26.729635,947.958,1.835,-13.241,511897226.0,718370254.0,0,367,159,208,216,59,157
2025-12-05,000078.SZ,海王生物,000078,4.82,5.29,4,0.208,4.164878777614001,28.946639,6482.892,-3.219,7.619,760266443.0,182542274.0,0,367,159,208,216,59,157
2025-12-05,002565.SZ,顺灏股份,002565,11.0,11.9,9,1.664,1.528042075699164,36.018827,-978.922,2.076,9.877,381779372.0,249848730.0,0,367,159,208,216,59,157
2025-12-08,002474.SZ,榕基软件,002474,10.6,11.54,47,1.049,0.8511455000188459,27.543986,2127.708,4.378,-6.846,146194101.0,171761586.0,0,505,231,274,244,106,138
2025-12-08,600408.SH,安泰集团,600408,5.26,5.08,60,0.0,0.634921752019919,21.106165,3246.48,2.335,-9.25,212496878.0,334681994.0,0,505,231,274,244,106,138
2025-12-08,002407.SZ,多氟多,002407,29.64,31.61,69,-4.264,1.1502797507017997,9.308619,-2636.678,-1.37,-0.564,100584362.0,87443391.0,0,505,231,274,244,106,138
2025-12-09,000078.SZ,海王生物,000078,4.81,4.63,4,-6.42,1.279196467076635,29.101102,-10190.978,-8.865,9.751,764323325.0,597502686.0,0,345,740,-395,166,413,-247
2025-12-09,002639.SZ,雪人集团,002639,16.58,15.73,7,6.968,1.1902979637688196,39.197512,-6931.492,-0.768,6.0,255026582.0,214254405.0,0,345,740,-395,166,413,-247
2025-12-09,600151.SH,航天机电,600151,13.15,14.83,9,-2.448,1.3649005959658842,27.970879,-10347.716,-3.714,5.0,401172974.0,293921019.0,0,345,740,-395,166,413,-247
2025-12-10,000547.SZ,航天发展,000547,21.38,20.74,1,-3.389,1.020825971940709,38.641927,-2961.168,2.93,0.411,613769330.0,601247761.0,0,397,633,-236,195,333,-138
2025-12-10,002702.SZ,海欣食品,002702,10.17,9.95,9,-8.047,0.9823887022268653,53.393931,6479.093,9.289,3.03,244941325.0,249332392.0,0,397,633,-236,195,333,-138
2025-12-10,002565.SZ,顺灏股份,002565,13.7,13.47,11,3.788,3.5859841047985346,39.385964,-11578.661,-0.901,0.0,417469135.0,116416895.0,0,397,633,-236,195,333,-138
2025-12-11,002682.SZ,龙洲股份,002682,10.5,9.86,4,0.095,3.058775278608827,55.52209,10407.805,7.041,0.421,312234137.0,102078155.0,6,232,1691,-1459,127,1073,-946
2025-12-11,603696.SH,安记食品,603696,21.86,20.71,7,-4.998,1.2164018407578836,30.263227,-2125.326,-10.467,4.711,71179110.0,58516115.0,0,232,1691,-1459,127,1073,-946
2025-12-11,002413.SZ,雷科防务,002413,9.16,9.35,17,0.881,0.6929428049283319,33.873805,-9409.215,-1.838,12.933,438015195.0,632108728.0,0,232,1691,-1459,127,1073,-946
2025-12-12,002682.SZ,龙洲股份,002682,9.72,10.85,8,-1.42,0.8968255127081124,49.793627,-5563.607,-6.095,7.041,280019540.0,312234137.0,0,430,1297,-867,191,774,-583
2025-12-12,300456.SZ,赛微电子,300456,55.19,62.33,10,-1.253,1.3668699710582413,28.526267,-5333.286,-4.15,9.037,170429921.0,124686272.0,0,430,1297,-867,191,774,-583
2025-12-12,603778.SH,国晟科技,603778,12.59,12.5,14,-9.359,2.0956741754044965,35.521376,3720.015,5.387,0.544,228351708.0,108963364.0,0,430,1297,-867,191,774,-583
2025-12-15,000592.SZ,平潭发展,000592,13.58,14.81,3,0.518,0.9900236140314608,24.128609,9029.25,5.054,5.07,462085171.0,466741565.0,0,366,1096,-730,170,734,-564
2025-12-15,002235.SZ,安妮股份,002235,12.77,13.0,9,-0.623,2.170039910619041,44.1729,-6481.56,-1.306,0.0,244531594.0,112685298.0,0,366,1096,-730,170,734,-564
2025-12-15,600678.SH,四川金顶,600678,13.83,14.26,15,-2.192,4.05680726032994,49.415448,-3331.182,-9.821,0.068,172454974.0,42510024.0,0,366,1096,-730,170,734,-564
2025-12-16,600343.SH,航天动力,600343,36.8,39.35,9,-3.412,1.006639298030196,24.347139,-145.492,-2.308,10.008,155384987.0,154360144.0,0,202,2145,-1943,100,1456,-1356
2025-12-16,002149.SZ,西部材料,002149,28.8,29.81,11,-4.541,0.9779354600941016,33.682596,1527.778,4.286,12.132,164417980.0,168127639.0,0,202,2145,-1943,100,1456,-1356
2025-12-16,601399.SH,国机重装,601399,5.36,4.84,17,-0.372,2.03313328614157,10.614182,-21146.799,-5.448,10.213,765659982.0,376591140.0,0,202,2145,-1943,100,1456,-1356
2025-12-17,002471.SZ,中超控股,002471,5.86,5.55,10,-5.024,19.505538140397277,50.282146,7848.735,5.832,0.0,671502864.0,34426267.0,0,316,731,-415,112,473,-361
2025-12-17,002413.SZ,雷科防务,002413,9.26,9.15,11,-4.339,1.0060730815526944,44.820426,-11470.532,-8.679,13.28,579563701.0,576065210.0,0,316,731,-415,112,473,-361
2025-12-17,300456.SZ,赛微电子,300456,62.32,60.84,19,-3.23,0.9441849746280822,20.484241,-441.02,-1.409,7.067,122382912.0,129617517.0,0,316,731,-415,112,473,-361
2025-12-18,000547.SZ,航天发展,000547,21.05,21.45,4,0.0,0.6995173142751941,27.518095,-14569.462,-4.405,7.754,437083865.0,624836378.0,0,315,488,-173,144,291,-147
2025-12-18,600865.SH,百大集团,600865,16.53,17.4,8,4.488,10.521713155193668,23.905595,2998.083,0.0,0.0,89942487.0,8548274.0,5,315,488,-173,144,291,-147
2025-12-18,001208.SZ,华菱线缆,001208,20.8,21.25,12,0.0,2.150363012350122,58.765763,778.806,5.051,1.645,154787697.0,71982124.0,0,315,488,-173,144,291,-147
2025-12-19,600879.SH,航天电子,600879,17.5,18.07,4,1.273,0.8735972884139387,18.392408,-5024.629,2.067,-4.279,606820626.0,694622836.0,0,566,85,481,208,28,180
2025-12-19,001208.SZ,华菱线缆,001208,21.41,21.17,15,0.753,0.9755637038775764,57.329745,-785.37,2.164,5.051,151005259.0,154787697.0,0,566,85,481,208,28,180
2025-12-19,002300.SZ,太阳电缆,002300,10.54,10.67,25,0.19,1.0265195441738035,24.048024,-5338.577,0.286,-4.351,173691718.0,169204492.0,0,566,85,481,208,28,180
2025-12-22,000592.SZ,平潭发展,000592,13.51,12.9,1,-0.662,0.8821025441813877,22.619617,-13230.66,-6.142,7.143,433186594.0,491084168.0,0,607,109,498,202,40,162
2025-12-22,603122.SH,合富中国,603122,27.0,26.5,7,-7.217,1.1071514313541526,23.834823,-1916.67,-0.103,7.409,94875142.0,85693013.0,0,607,109,498,202,40,162
2025-12-22,300300.SZ,海峡创新,300300,16.98,15.53,19,2.598,1.0332993639103911,33.674235,-3689.647,2.161,14.685,224541358.0,217305232.0,0,607,109,498,202,40,162
2025-12-23,603122.SH,合富中国,603122,26.61,25.09,16,0.415,0.8658308411280164,20.636925,-1987.008,-1.852,-0.103,82145824.0,94875142.0,0,440,351,89,150,200,-50
2025-12-23,002188.SZ,中天服务,002188,6.33,6.54,43,-5.944,2.922372227296369,46.400081,-3927.481,-18.127,4.916,119416645.0,40862914.0,0,440,351,89,150,200,-50
2025-12-23,603023.SH,威帝股份,603023,5.39,5.78,47,-9.866,1.375909019144678,31.321432,-2968.478,-0.993,10.476,174810365.0,127050817.0,0,440,351,89,150,200,-50
2025-12-24,002361.SZ,神剑股份,002361,9.57,10.88,7,-3.236,1.3192919609495375,41.593031,11217.959,0.101,0.0,336538780.0,255090450.0,4,699,96,603,224,35,189
2025-12-24,002703.SZ,浙江世宝,002703,19.02,20.42,8,2.478,1.8238850144213723,34.057824,-4414.723,-1.851,-3.998,199595226.0,109434106.0,0,699,96,603,224,35,189
2025-12-24,600118.SH,中国卫星,600118,58.34,66.12,11,-2.945,1.410219391356919,16.937963,-5416.941,-5.294,4.893,200289575.0,142027245.0,0,699,96,603,224,35,189
2025-12-25,002407.SZ,多氟多,002407,33.55,34.12,24,-1.786,1.3429961075029488,21.78222,1893.765,3.484,9.98,235367966.0,175255881.0,0,900,68,832,302,27,275
2025-12-25,000759.SZ,中百集团,000759,8.84,8.51,29,0.569,1.2826042451395472,37.375952,-7721.584,-0.114,11.375,245076374.0,191077158.0,0,900,68,832,302,27,275
2025-12-25,603122.SH,合富中国,603122,24.42,26.04,32,-1.294,0.857436655653169,17.505669,631.305,5.277,-5.712,69681778.0,81267552.0,0,900,68,832,302,27,275
2025-12-26,002703.SZ,浙江世宝,002703,21.04,23.34,14,-0.848,1.0945633407025606,28.024724,3474.273,5.73,7.361,164238358.0,150049204.0,0,636,151,485,280,66,214
2025-12-26,603696.SH,安记食品,603696,26.99,26.19,19,1.849,3.0355539437539703,29.634329,-1628.263,-8.747,3.385,69699943.0,22961194.0,0,636,151,485,280,66,214
2025-12-26,002471.SZ,中超控股,002471,5.86,6.26,44,2.988,2.0738040837244536,33.419442,-2348.982,0.708,12.041,446306556.0,215211533.0,0,636,151,485,280,66,214
2025-12-29,603601.SH,再升科技,603601,12.05,12.66,6,-9.67,5.25811783959749,40.922084,14768.502,2.615,0.0,443055056.0,84261150.0,3,646,366,280,253,191,62
2025-12-29,002149.SZ,西部材料,002149,45.18,44.71,9,-3.42,1.2208441432063866,31.737267,1384.41,4.653,9.895,154922066.0,126897497.0,0,646,366,280,253,191,62
2025-12-29,600865.SH,百大集团,600865,21.0,19.2,22,-1.547,0.9767264881074608,20.518807,-1270.38,-2.29,3.828,77200026.0,79039554.0,0,646,366,280,253,191,62
2025-12-30,600693.SH,东百集团,600693,18.29,17.82,4,-7.626,1.1183072262869629,24.347183,-6479.682,-11.409,3.403,211565529.0,189183727.0,0,602,540,62,215,296,-81
2025-12-30,002759.SZ,天际股份,002759,47.0,46.03,7,-5.433,1.451717707433243,36.186841,3186.048,-0.66,0.0,181275122.0,124869402.0,0,602,540,62,215,296,-81
2025-12-30,301005.SZ,超捷股份,301005,155.4,146.7,40,-2.509,0.988609429503558,20.647961,684.371,16.333,3.008,27332076.0,27646991.0,0,602,540,62,215,296,-81
2025-12-31,603123.SH,翠微股份,603123,15.61,16.81,8,-4.701,1.319168152388551,31.67467,-5772.822,-3.59,11.088,206606256.0,156618590.0,0,581,480,101,260,266,-6
2025-12-31,600151.SH,航天机电,600151,17.41,17.55,23,0.636,1.1179954153473608,24.920495,-10357.966,-6.839,11.524,357422781.0,319699684.0,0,581,480,101,260,266,-6
2025-12-31,002471.SZ,中超控股,002471,7.31,8.02,25,-2.663,4.8227854894584175,12.048229,3351.709,1.762,0.0,161756370.0,33540030.0,0,581,480,101,260,266,-6
2026-01-05,603278.SH,大业股份,603278,16.21,16.1,12,-4.871,4.678724238946297,35.922584,4092.294,0.059,0.0,122768807.0,26239804.0,6,1089,88,1001,333,33,300
2026-01-05,002009.SZ,天奇股份,002009,23.18,22.21,16,2.476,1.5144409222480557,44.97034,-805.197,-8.31,7.625,159250125.0,105154399.0,0,1089,88,1001,333,33,300
2026-01-05,600343.SH,航天动力,600343,46.7,45.69,18,-4.636,0.965502967490155,22.855786,714.357,2.234,7.711,145867078.0,151078850.0,0,1089,88,1001,333,33,300
2026-01-06,000592.SZ,平潭发展,000592,15.0,14.49,7,-1.51,0.7059298217490764,18.928922,-2944.73,0.861,-3.75,362506372.0,513516161.0,0,1441,53,1388,460,10,450
2026-01-06,002361.SZ,神剑股份,002361,13.5,14.46,8,-1.46,0.8075791899500719,38.066965,-2762.175,-4.463,13.719,308008567.0,381397355.0,0,1441,53,1388,460,10,450
2026-01-06,002565.SZ,顺灏股份,002565,17.76,18.44,11,0.282,1.8247963889653216,36.38873,-2090.877,-8.617,5.043,385700138.0,211366123.0,0,1441,53,1388,460,10,450
2026-01-07,002759.SZ,天际股份,002759,50.11,48.15,4,-2.224,1.0360343383915724,37.13936,-3608.932,-5.005,6.729,186046691.0,179575796.0,0,1136,137,999,447,49,398
2026-01-07,603667.SH,五洲新春,603667,74.97,75.6,24,-3.252,0.8165478746435201,23.016004,407.175,4.069,7.536,84285245.0,103221437.0,0,1136,137,999,447,49,398
2026-01-07,600693.SH,东百集团,600693,17.31,17.89,35,-3.188,1.239694247414334,19.857015,-874.244,-2.773,3.199,172548086.0,139186002.0,0,1136,137,999,447,49,398
2026-01-08,002766.SZ,索菱股份,002766,7.14,7.2,29,0.848,1.5354476690376886,30.48682,-7847.438,-12.159,5.62,260737458.0,169812012.0,0,1541,86,1455,494,27,467
2026-01-08,603667.SH,五洲新春,603667,75.61,75.94,36,0.013,0.959550512073614,22.085018,-2266.435,0.84,4.069,80875950.0,84285245.0,0,1541,86,1455,494,27,467
2026-01-08,002163.SZ,海南发展,002163,20.8,20.16,52,0.048,0.7687765533712804,18.456938,-4672.797,-0.048,7.346,148310523.0,192917594.0,0,1541,86,1455,494,27,467
2026-01-09,600266.SH,城建发展,600266,7.13,6.82,29,5.63,2.143266707730415,24.69849,-5045.396,-3.709,0.0,512677303.0,239203689.0,0,2070,62,2008,710,22,688
2026-01-09,001331.SZ,胜通能源,001331,59.0,58.55,45,-1.732,11.167425608400704,18.177355,432.255,0.067,0.0,30515359.0,2732533.0,0,2070,62,2008,710,22,688
2026-01-09,600198.SH,大唐电信,600198,10.71,10.63,84,-1.833,3.149185162456521,14.847004,1288.67,-3.022,10.722,193300547.0,61381131.0,0,2070,62,2008,710,22,688
2026-01-12,600151.SH,航天机电,600151,21.2,22.79,27,2.317,1.0483770616565489,20.458267,-6214.303,-3.628,9.057,293423174.0,279883245.0,0,2610,78,2532,1063,24,1039
2026-01-12,002324.SZ,普利特,002324,22.8,23.9,29,0.0,15.44236445163787,36.085723,-8174.134,-8.8,0.0,280124800.0,18140020.0,0,2610,78,2532,1063,24,1039
2026-01-12,601611.SH,中国核建,601611,18.14,19.94,34,0.055,1.7790090682392783,10.178472,4399.304,3.6,3.547,306762283.0,172434356.0,0,2610,78,2532,1063,24,1039
2026-01-13,002757.SZ,南兴股份,002757,27.31,25.01,26,1.148,0.8278171971168441,36.000117,2516.797,4.287,8.696,101539742.0,122659619.0,0,1054,137,917,406,37,369
2026-01-13,600143.SH,金发科技,600143,21.62,20.17,56,0.511,1.273849206216439,13.930021,-1871.143,-0.921,8.226,367031833.0,288128164.0,0,1054,137,917,406,37,369
2026-01-14,300058.SZ,蓝色光标,300058,20.12,21.63,3,-3.501,1.1419350650153346,39.924042,-7377.965,-7.333,14.683,1389368550.0,1216679120.0,0,1090,187,903,586,69,517
2026-01-14,002792.SZ,通宇通讯,002792,67.88,62.97,8,-2.987,20.1648175312939,50.697464,2780.838,2.325,0.0,171268446.0,8493429.0,0,1090,187,903,586,69,517
2026-01-14,002519.SZ,银河电子,002519,10.39,11.46,17,-0.288,11.268002485744695,43.793031,-14911.524,-17.433,0.0,489950067.0,43481537.0,0,1090,187,903,586,69,517
2026-01-15,002202.SZ,金风科技,002202,30.39,30.04,2,-8.958,0.8423685888962408,22.443567,-12239.271,-3.162,-5.694,755042355.0,896332514.0,0,848,216,632,391,106,285
2026-01-15,300058.SZ,蓝色光标,300058,20.4,18.41,6,-5.687,0.8157899212559547,32.569631,1974.622,7.505,-7.333,1133432860.0,1389368550.0,0,848,216,632,391,106,285
2026-01-15,002151.SZ,北斗星通,002151,52.67,52.33,32,-2.877,2.387028185255812,27.46632,-4000.415,-0.129,-5.922,121626049.0,50952917.0,0,848,216,632,391,106,285
2026-01-16,300058.SZ,蓝色光标,300058,17.5,16.29,3,-4.943,0.9205192621643244,29.980972,-17076.734,-9.755,7.505,1043346780.0,1133432860.0,0,935,282,653,431,145,286
2026-01-16,002400.SZ,省广集团,002400,12.43,11.52,11,-2.891,1.6451931490167233,40.321177,-11521.252,-7.581,10.48,696009894.0,423056645.0,0,935,282,653,431,145,286
2026-01-16,600734.SH,实达集团,600734,5.45,5.01,18,-1.802,1.35682484079556,30.324893,-9553.414,-6.408,11.134,660431627.0,486747889.0,0,935,282,653,431,145,286
2026-01-19,000547.SZ,航天发展,000547,29.6,28.9,1,-2.632,0.7540604866898004,16.736443,3298.758,-0.328,-5.237,265962351.0,352706919.0,0,1354,137,1217,572,79,493
2026-01-19,300058.SZ,蓝色光标,300058,16.0,16.91,5,-1.78,0.8374061575193629,25.106251,-22910.487,-6.914,-9.755,873705018.0,1043346780.0,0,1354,137,1217,572,79,493
2026-01-19,600550.SH,保变电气,600550,13.86,15.69,8,-2.805,1.7641661160442728,20.0662,-5355.432,-6.492,12.866,369524798.0,209461453.0,0,1354,137,1217,572,79,493
2026-01-20,000547.SZ,航天发展,000547,29.0,26.91,5,0.346,0.8341257744409095,13.960299,-6718.214,-2.365,-0.328,221846052.0,265962351.0,0,1081,192,889,445,44,401
2026-01-20,300058.SZ,蓝色光标,300058,17.6,17.78,8,4.08,0.6695597357780083,16.810135,6788.862,5.688,-6.914,584997701.0,873705018.0,0,1081,192,889,445,44,401
2026-01-20,600879.SH,航天电子,600879,27.01,26.31,10,1.809,0.7147697027070413,12.67056,1919.886,5.069,2.231,418039728.0,584859328.0,0,1081,192,889,445,44,401
2026-01-21,002465.SZ,海格通信,002465,17.52,17.7,1,-3.204,19.85860291893326,30.201999,-8401.407,-2.688,0.0,748371451.0,37685000.0,0,1246,199,1047,612,91,521
2026-01-21,600550.SH,保变电气,600550,15.5,15.41,9,-4.615,1.1019735257084822,21.687181,-271.684,4.569,13.204,399375633.0,362418537.0,0,1246,199,1047,612,91,521
2026-01-21,002112.SZ,三变科技,002112,21.97,21.06,11,-4.061,1.165217023667945,56.66109,1649.968,7.512,22.259,148497130.0,127441607.0,0,1246,199,1047,612,91,521
2026-01-22,600879.SH,航天电子,600879,26.66,28.6,2,-1.003,1.184050082255447,16.954165,-6809.706,2.786,-2.592,559368677.0,472419778.0,0,1348,128,1220,611,72,539
2026-01-22,000547.SZ,航天发展,000547,25.91,27.26,9,0.116,0.6076225871003215,12.046424,-5238.196,-3.613,-7.207,191432272.0,315051277.0,0,1348,128,1220,611,72,539
2026-01-22,002202.SZ,金风科技,002202,25.63,26.89,12,0.707,0.6685956506809946,9.918994,-9825.405,-1.889,-3.231,333692997.0,499095375.0,0,1348,128,1220,611,72,539
2026-01-23,600089.SH,特变电工,600089,28.91,28.55,19,0.035,0.8207021773579112,8.662026,-9726.094,-2.365,-1.036,437674224.0,533292388.0,0,1548,80,1468,801,52,749
2026-01-23,002165.SZ,红宝丽,002165,9.53,9.91,22,-4.605,1.128006639963027,44.888539,2097.574,4.063,0.0,326622257.0,289557034.0,0,1548,80,1468,801,52,749
2026-01-23,002077.SZ,大港股份,002077,18.54,18.84,41,0.597,2.9295684710441114,23.88968,-3804.633,-5.293,10.555,138643404.0,47325538.0,0,1548,80,1468,801,52,749
2026-01-26,603778.SH,国晟科技,603778,19.19,18.56,3,3.172,1.012939732218217,24.129141,1951.987,14.744,22.268,155115908.0,153134390.0,0,941,297,644,502,106,396
2026-01-26,601212.SH,白银有色,601212,10.97,11.41,12,5.786,0.4925174440637661,4.102564,10126.188,0.0,14.303,303785648.0,616801804.0,4,941,297,644,502,106,396
2026-01-26,603667.SH,五洲新春,603667,87.8,83.31,36,0.769,0.963329377058748,15.891048,-1754.058,-4.074,3.204,58193458.0,60408682.0,0,941,297,644,502,106,396
2026-01-27,002342.SZ,巨力索具,002342,12.54,13.21,13,-8.534,5.144144075077198,36.75862,-4234.135,-5.579,0.296,350930875.0,68219488.0,0,562,435,127,427,182,245
2026-01-27,002156.SZ,通富微电,002156,51.89,53.25,15,0.174,0.8864525400045451,13.851913,-6739.624,-7.566,3.111,210196175.0,237120619.0,0,562,435,127,427,182,245
2026-01-27,300118.SZ,东方日升,300118,21.68,22.93,18,-3.73,2.841793267791862,40.486945,-9968.877,-6.167,14.443,375243569.0,132044640.0,0,562,435,127,427,182,245
2026-01-28,601212.SH,白银有色,601212,12.57,13.81,3,0.159,1.1840053091066949,10.067277,24848.64,9.991,4.011,745459204.0,629607991.0,6,688,674,14,485,209,276
2026-01-28,000630.SZ,铜陵有色,000630,7.73,8.35,13,1.845,1.1542711374568249,11.562198,-4547.213,0.931,3.425,1288377140.0,1116182410.0,0,688,674,14,485,209,276
2026-01-28,603993.SH,洛阳钼业,603993,24.88,26.88,18,1.634,0.9606854270767232,2.60332,-4848.657,0.246,4.227,454561623.0,473163858.0,0,688,674,14,485,209,276
2026-01-29,300058.SZ,蓝色光标,300058,19.61,23.4,3,-3.684,0.9859326424381792,24.602025,-28283.785,-7.455,7.04,856157813.0,868373534.0,0,542,765,-223,336,166,170
2026-01-29,600986.SH,浙文互联,600986,12.55,13.78,9,0.16,0.8458093044249321,29.892895,-13605.833,-7.185,-7.546,444619172.0,525673068.0,0,542,765,-223,336,166,170
2026-01-29,600410.SH,华胜天成,600410,20.67,21.93,31,-1.992,1.0593398101145854,21.571933,-6118.375,-1.218,6.203,236535109.0,223285396.0,0,542,765,-223,336,166,170
2026-01-30,600879.SH,航天电子,600879,25.68,25.75,15,-1.609,0.9201362610280036,11.813652,-12069.731,-2.612,-5.527,389767752.0,423597861.0,0,451,815,-364,286,191,95
2026-01-30,300139.SZ,晓程科技,300139,68.0,67.5,21,-19.412,1.5956522604801031,40.952379,3012.142,0.452,19.6,95689013.0,59968588.0,0,451,815,-364,286,191,95
2026-01-30,300102.SZ,乾照光电,300102,39.03,38.13,41,-2.498,0.7681285586861171,16.340612,-4331.431,-4.691,6.19,149735550.0,194935533.0,0,451,815,-364,286,191,95
2026-02-02,300058.SZ,蓝色光标,300058,22.6,21.37,3,-3.129,0.7534611990665513,25.940411,16080.447,2.325,19.327,902734031.0,1198116150.0,0,121,1772,-1651,97,481,-384
2026-02-02,600986.SH,浙文互联,600986,13.29,14.02,8,1.373,1.205807171753856,34.518547,-16844.486,-3.104,9.801,513419917.0,425789404.0,0,121,1772,-1651,97,481,-384
2026-02-02,601899.SH,紫金矿业,601899,36.87,36.61,10,-8.147,0.8673470270104318,3.253956,-8275.853,-2.573,-0.776,670344076.0,772867209.0,0,121,1772,-1651,97,481,-384
2026-02-03,300058.SZ,蓝色光标,300058,22.25,22.06,4,4.118,0.8604853182941543,22.321343,-23964.779,-5.443,2.325,776789380.0,902734031.0,0,372,184,188,274,109,165
2026-02-03,002165.SZ,红宝丽,002165,12.4,13.7,5,-0.402,1.2054999692556156,43.740792,-6871.758,-2.506,13.713,318270911.0,264015694.0,0,372,184,188,274,109,165
2026-02-03,002995.SZ,天地在线,002995,36.1,36.99,15,2.703,0.8682665997827356,44.195664,-150.556,0.4,4.576,49683532.0,57221517.0,0,372,184,188,274,109,165
2026-02-04,601600.SH,中国铝业,601600,13.37,13.44,78,1.75,0.6029754110886391,3.606007,12789.337,0.305,-2.229,475032529.0,787814097.0,0,539,210,329,325,53,272
2026-02-04,002565.SZ,顺灏股份,002565,16.71,17.87,90,-1.3,1.3743093119249326,13.029096,2698.528,2.296,-5.665,138101120.0,100487655.0,0,539,210,329,325,53,272
2026-02-05,000547.SZ,航天发展,000547,31.02,32.0,1,-4.554,1.1092854667847978,31.191927,-15916.25,-2.898,9.651,495677493.0,446843944.0,0,359,582,-223,200,95,105
2026-02-05,002131.SZ,利欧股份,002131,9.06,8.82,2,-2.16,0.9635099775005947,23.43707,-37682.563,-8.135,1.8,1371003880.0,1422926500.0,0,359,582,-223,200,95,105
2026-02-05,600986.SH,浙文互联,600986,14.99,15.52,4,1.215,1.4708190396989025,39.214928,-7391.334,-9.141,3.49,583272680.0,396563183.0,0,359,582,-223,200,95,105
2026-02-06,603778.SH,国晟科技,603778,16.65,16.15,17,-0.893,1.7629422684167082,23.719938,2662.442,0.84,6.447,152485316.0,86494787.0,0,340,426,-86,198,63,135
2026-02-06,002009.SZ,天奇股份,002009,28.42,31.68,21,-1.319,0.9279337491120402,27.470174,-2121.101,-4.414,5.956,97278088.0,104833010.0,0,340,426,-86,198,63,135
2026-02-06,300118.SZ,东方日升,300118,22.29,22.43,30,-4.088,0.8284113099674567,29.681666,-2037.759,4.779,8.499,275097422.0,332078303.0,0,340,426,-86,198,63,135
2026-02-09,002342.SZ,巨力索具,002342,19.28,19.98,1,-5.397,1.0517896562897258,42.453885,7874.871,7.831,7.64,405303000.0,385346060.0,0,662,52,610,400,18,382
2026-02-09,000547.SZ,航天发展,000547,30.84,30.34,3,1.615,0.8053593716357252,20.306316,-10011.367,-3.651,3.159,322691960.0,400680704.0,0,662,52,610,400,18,382
2026-02-09,000592.SZ,平潭发展,000592,11.59,11.47,9,-0.258,2.2822182259539563,27.998065,-13540.122,-3.167,9.537,536188830.0,234941963.0,0,662,52,610,400,18,382
2026-02-10,002131.SZ,利欧股份,002131,8.7,8.35,4,0.23,0.7770531931987639,14.253808,-6504.889,-1.81,-0.821,833808428.0,1073039060.0,0,532,129,403,356,33,323
2026-02-10,002361.SZ,神剑股份,002361,14.91,14.78,10,-0.201,0.965589694186708,36.640268,-7737.196,-3.737,8.085,296464830.0,307029820.0,0,532,129,403,356,33,323
2026-02-10,002149.SZ,西部材料,002149,54.25,49.31,20,-0.786,0.9414337942148342,17.24627,269.826,-0.582,2.278,84185821.0,89422986.0,0,532,129,403,356,33,323
2026-02-11,002506.SZ,协鑫集成,002506,5.27,5.26,1,0.19,4.608982286303443,35.235506,1674.24,-2.773,0.398,2059314980.0,446804707.0,0,442,205,237,302,44,258
2026-02-11,300058.SZ,蓝色光标,300058,19.3,18.92,6,-1.631,1.0412509007579092,19.868762,-21340.706,-2.047,1.117,691438858.0,664046348.0,0,442,205,237,302,44,258
2026-02-11,002471.SZ,中超控股,002471,9.71,9.3,10,-1.621,0.9383817524919326,32.560042,-12921.825,-7.757,10.031,437142587.0,465847280.0,0,442,205,237,302,44,258
2026-02-12,002506.SZ,协鑫集成,002506,5.04,4.77,2,-4.183,0.9300871302359,32.772091,-31922.373,-0.19,-2.773,1915342360.0,2059314980.0,0,403,399,4,332,121,211
2026-02-12,002361.SZ,神剑股份,002361,13.7,13.25,16,-2.283,0.8092147275362329,28.355408,-7412.358,-1.958,-0.872,229430127.0,283521937.0,0,403,399,4,332,121,211
2026-02-12,002471.SZ,中超控股,002471,9.02,9.0,19,-3.011,0.7127465322887884,23.207057,-10385.729,-4.223,-7.757,311571863.0,437142587.0,0,403,399,4,332,121,211
2026-02-13,002506.SZ,协鑫集成,002506,4.73,4.31,2,-0.839,0.8432817044781488,27.636105,-46282.741,-5.357,-0.19,1615173170.0,1915342360.0,0,232,687,-455,177,186,-9
2026-02-13,002969.SZ,嘉美包装,002969,31.55,30.05,10,-5.511,0.8874229702529276,7.675904,2522.551,5.665,5.743,83843054.0,94479247.0,0,232,687,-455,177,186,-9
2026-02-13,300394.SZ,天孚通信,300394,323.56,311.58,23,-1.952,1.3943609836706328,6.224855,1292.82,10.0,0.593,48295688.0,34636431.0,0,232,687,-455,177,186,-9
2026-02-24,000592.SZ,平潭发展,000592,10.71,10.93,36,1.038,1.126194163279722,10.329446,-5559.604,-0.656,-2.516,197818452.0,175652173.0,0,610,264,346,459,68,391
2026-02-24,002361.SZ,神剑股份,002361,13.19,13.43,46,2.09,0.7599045611882466,19.004547,-4918.574,-3.582,-3.285,153770163.0,202354573.0,0,610,264,346,459,68,391
2026-02-24,603993.SH,洛阳钼业,603993,22.95,22.86,49,4.413,1.277427554497617,1.604655,-8366.677,-2.311,-0.172,280186393.0,219336425.0,0,610,264,346,459,68,391
2026-02-25,600410.SH,华胜天成,600410,24.01,24.79,3,0.755,1.603156152210447,33.440101,-10951.179,-8.346,11.813,366668931.0,228716916.0,0,709,94,615,550,27,523
2026-02-25,002342.SZ,巨力索具,002342,14.81,16.1,7,-2.63,13.335583987276877,33.375627,-228.411,3.469,0.0,318633776.0,23893500.0,0,709,94,615,550,27,523
2026-02-25,000547.SZ,航天发展,000547,27.76,30.34,12,0.653,0.8479741490665964,9.860497,-3270.586,-0.613,-0.142,156695241.0,184787757.0,0,709,94,615,550,27,523
2026-02-26,600589.SH,大位科技,600589,12.1,12.55,11,2.024,0.7773097345226195,27.4822,-2646.503,0.765,-11.926,406316058.0,522720918.0,0,874,327,547,688,127,561
2026-02-26,002009.SZ,天奇股份,002009,32.2,31.06,14,-3.1,0.6319126985608657,27.222033,-1781.928,-3.513,-5.456,96399364.0,152551712.0,0,874,327,547,688,127,561
2026-02-26,002969.SZ,嘉美包装,002969,25.5,23.76,24,-3.409,1.0790870281897986,9.200782,-3124.384,-8.333,-5.742,100499128.0,93133478.0,0,874,327,547,688,127,561
2026-02-27,300058.SZ,蓝色光标,300058,17.8,18.5,36,-0.946,0.7843236357366088,9.821583,-3645.803,-0.937,-1.907,341794034.0,435781887.0,0,914,182,732,686,70,616
2026-02-27,600343.SH,航天动力,600343,36.79,37.5,43,1.799,2.425455610088888,14.742212,3136.191,10.183,2.528,94085737.0,38790954.0,1,914,182,732,686,70,616
2026-02-27,002837.SZ,英维克,002837,109.01,108.5,46,-4.125,2.0490801577613853,7.903554,1287.327,2.359,-0.255,67195627.0,32793069.0,0,914,182,732,686,70,616
2026-03-02,600410.SH,华胜天成,600410,28.34,29.98,1,-2.073,2.218818562571776,54.982471,5894.826,6.124,11.946,602879880.0,271712113.0,0,636,1284,-648,469,465,4
2026-03-02,002131.SZ,利欧股份,002131,9.17,9.11,2,-4.777,1.145672351899783,18.605475,21117.607,5.246,0.0,1088368960.0,949982740.0,0,636,1284,-648,469,465,4
2026-03-02,600589.SH,大位科技,600589,12.8,12.22,4,-1.841,1.0415801768253512,35.132347,3354.029,9.488,3.719,519421175.0,498685734.0,0,636,1284,-648,469,465,4
2026-03-03,002716.SZ,湖南白银,002716,16.31,15.67,11,-6.103,1.710358297203897,21.528547,16683.578,4.199,2.533,500507348.0,292633040.0,1,272,2350,-2078,217,941,-724
2026-03-03,002470.SZ,金正大,002470,2.94,2.79,16,1.031,0.9327136602922652,30.806434,-27606.061,-13.134,4.73,1012222230.0,1085244350.0,0,272,2350,-2078,217,941,-724
2026-03-03,600744.SH,华银电力,600744,8.0,8.39,26,0.251,2.140545338629157,23.627419,-799.837,0.251,6.72,479902255.0,224196258.0,0,272,2350,-2078,217,941,-724
2026-03-04,001896.SZ,豫能控股,001896,13.3,14.26,3,0.151,1.0763437083520424,17.385859,-7954.406,-4.392,5.918,265270195.0,246454913.0,0,223,2193,-1970,173,1061,-888
2026-03-04,002413.SZ,雷科防务,002413,14.81,16.07,4,-8.184,2.8334613856787825,39.888336,-16728.529,-7.829,5.685,516725676.0,182365526.0,0,223,2193,-1970,173,1061,-888
2026-03-04,000592.SZ,平潭发展,000592,11.72,12.88,5,-3.38,1.1518864643076316,27.297672,-4792.11,1.847,4.836,522775657.0,453843042.0,0,223,2193,-1970,173,1061,-888
2026-03-05,300164.SZ,通源石油,300164,22.0,22.41,4,-10.424,2.1779084660872745,53.96367,7250.755,11.636,0.046,314721945.0,144506507.0,0,339,385,-46,245,184,61
2026-03-05,601872.SH,招商轮船,601872,17.34,17.46,9,-2.089,0.9133796165818908,4.293371,-11139.244,-5.798,3.968,346669938.0,379546392.0,0,339,385,-46,245,184,61
2026-03-05,601975.SH,招商南油,601975,5.22,4.94,15,0.0,3.410657831301592,24.914206,22010.17,-3.333,0.0,1166070720.0,341890268.0,0,339,385,-46,245,184,61
2026-03-06,600759.SH,洲际油气,600759,7.88,8.24,1,-9.425,2.2372175560941243,35.53029,19854.954,5.583,0.0,1472263590.0,658077971.0,0,541,95,446,383,26,357
2026-03-06,600410.SH,华胜天成,600410,28.3,29.73,3,-0.176,0.8429407872220989,29.720838,-6495.913,-4.738,7.63,325887415.0,386607719.0,0,541,95,446,383,26,357
2026-03-06,300164.SZ,通源石油,300164,21.82,20.3,6,-2.633,0.8146198098769376,43.959875,-4254.949,1.864,11.636,256378731.0,314721945.0,0,541,95,446,383,26,357
2026-03-09,000547.SZ,航天发展,000547,31.3,32.1,1,-4.164,1.3283247169318029,26.047313,642.892,4.68,5.402,413923343.0,311613070.0,0,464,566,-102,336,245,91
2026-03-09,002498.SZ,汉缆股份,002498,9.84,9.96,8,0.102,5.1469897012846975,9.972999,11059.379,3.04,0.224,331781359.0,64461244.0,3,464,566,-102,336,245,91
2026-03-09,600703.SH,三安光电,600703,16.32,16.38,12,-3.83,6.064893642797208,9.658208,5133.108,-0.644,0.939,481849826.0,79449015.0,0,464,566,-102,336,245,91
2026-03-11,000815.SZ,美利云,000815,18.17,17.73,7,1.508,1.221648952066562,39.609165,-6593.795,-5.839,8.53,275387889.0,225423096.0,0,602,183,419,431,59,372
2026-03-11,601179.SH,中国西电,601179,20.01,19.15,11,0.1,0.8285942478245735,8.639371,-3448.941,-0.05,6.72,442844017.0,534452198.0,0,602,183,419,431,59,372
2026-03-11,600227.SH,赤天化,600227,3.73,4.05,39,-2.611,1.773045964735264,34.478771,7088.517,9.429,0.0,440500715.0,248442919.0,0,602,183,419,431,59,372
2026-03-12,000533.SZ,顺钠股份,000533,17.31,18.84,11,-3.134,0.9225279351647768,35.664692,-2561.186,-1.759,-1.943,244268336.0,264781506.0,0,548,545,3,398,181,217
2026-03-12,000815.SZ,美利云,000815,17.62,18.84,18,-0.62,0.7766092102910161,30.760843,-4083.579,-2.422,-5.839,213868771.0,275387889.0,0,548,545,3,398,181,217
2026-03-12,002298.SZ,中电鑫龙,002298,12.69,13.28,21,0.237,2.3241515093806124,38.436379,-6836.612,-1.861,8.86,253931288.0,109257631.0,0,548,545,3,398,181,217
2026-03-13,600759.SH,洲际油气,600759,7.51,7.02,12,1.624,0.8480452382671886,17.020209,-15045.632,-5.256,6.479,705263983.0,831634860.0,0,349,831,-482,237,296,-59
2026-03-13,600108.SH,亚盛集团,600108,6.82,6.26,30,-2.012,1.2038653340679324,23.096584,5450.556,3.881,6.829,449670900.0,373522592.0,0,349,831,-482,237,296,-59
2026-03-13,002490.SZ,山东墨龙,002490,11.9,11.2,34,1.536,0.8285729786123188,26.487433,-2925.489,-3.38,9.281,143488254.0,173175155.0,0,349,831,-482,237,296,-59
2026-03-16,002498.SZ,汉缆股份,002498,9.01,9.41,7,-4.149,1.862497955475619,15.725238,-17438.221,-11.985,9.378,523146617.0,280884398.0,0,343,547,-204,217,142,75
2026-03-16,600821.SH,金开新能,600821,10.0,10.65,11,-1.478,1.0663385673968968,25.041589,-12934.824,-6.881,10.805,500146510.0,469031624.0,0,343,547,-204,217,142,75
2026-03-16,000537.SZ,绿发电力,000537,12.2,11.23,17,-1.534,4.332519827097435,15.534711,-7398.469,-9.956,0.887,321040720.0,74100231.0,0,343,547,-204,217,142,75
2026-03-17,601868.SH,中国能建,601868,3.42,3.31,3,-0.292,0.8242420628879292,9.653814,-75893.559,-6.794,-1.579,3130609300.0,3798167360.0,0,190,1453,-1263,114,494,-380
2026-03-17,600722.SH,金牛化工,600722,17.35,19.3,5,-5.707,1.1218554531445286,29.318359,4838.936,8.619,5.875,199458566.0,177793463.0,0,190,1453,-1263,114,494,-380
2026-03-17,600759.SH,洲际油气,600759,7.1,7.23,11,-2.606,1.0436012058812716,15.478978,-350.492,4.143,-6.525,641400218.0,614602795.0,0,190,1453,-1263,114,494,-380
2026-03-18,002202.SZ,金风科技,002202,28.56,31.0,2,0.035,0.7152822186984177,9.561986,-10233.297,-4.865,-2.79,321617886.0,449637748.0,0,239,447,-208,155,200,-45
2026-03-18,600410.SH,华胜天成,600410,26.52,27.5,5,-0.301,0.995605996194733,21.057968,-5735.342,-7.446,1.714,230899501.0,231918552.0,0,239,447,-208,155,200,-45
2026-03-18,002015.SZ,协鑫能科,002015,20.43,20.37,13,1.997,0.9670896160771112,20.423747,-9058.572,-5.206,-3.957,331543721.0,342826265.0,0,239,447,-208,155,200,-45
2026-03-19,000533.SZ,顺钠股份,000533,19.78,18.58,2,0.152,0.9078504078823468,36.006706,-7541.615,-5.728,11.213,246610798.0,271642548.0,0,131,2213,-2082,91,1046,-955
2026-03-19,002470.SZ,金正大,002470,3.69,3.36,8,2.786,1.0266891137983856,28.59069,5996.288,1.127,14.286,939418457.0,914997972.0,0,131,2213,-2082,91,1046,-955
2026-03-19,600227.SH,赤天化,600227,5.3,4.67,16,6.0,0.8835760558261204,31.781376,-3652.201,-5.482,15.0,406038804.0,459540298.0,0,131,2213,-2082,91,1046,-955
2026-03-20,002565.SZ,顺灏股份,002565,17.0,15.44,7,-0.932,1.2232315452412916,30.316156,3643.997,3.937,7.708,321334253.0,262692909.0,0,118,3170,-3052,85,1745,-1660
2026-03-20,002015.SZ,协鑫能科,002015,20.07,20.8,19,-0.446,0.9876349998562178,15.679527,-5858.222,0.8,-0.294,254529631.0,257716293.0,0,118,3170,-3052,85,1745,-1660
2026-03-20,300164.SZ,通源石油,300164,18.52,19.26,21,-9.438,1.5643925535725918,38.156014,3296.741,1.741,-2.941,222529988.0,142246898.0,0,118,3170,-3052,85,1745,-1660
2026-03-23,000815.SZ,美利云,000815,19.03,19.4,7,0.422,3.899637560957727,40.222414,-9321.719,-2.671,6.037,279651577.0,71712197.0,0,61,4153,-4092,50,2845,-2795
2026-03-23,000547.SZ,航天发展,000547,27.0,26.29,9,-3.571,1.2657850978143792,12.999397,-5142.614,-8.437,-0.492,206576171.0,163200034.0,0,61,4153,-4092,50,2845,-2795
2026-03-23,000533.SZ,顺钠股份,000533,15.92,16.33,10,-4.955,0.9814031681293716,28.785822,-6427.391,-8.967,-6.067,197154792.0,200890723.0,0,61,4153,-4092,50,2845,-2795
2026-03-24,600759.SH,洲际油气,600759,6.44,6.44,13,-5.572,1.008625764330482,11.855374,5146.423,1.791,1.057,491249481.0,487048317.0,0,144,146,-2,108,71,37
2026-03-24,600722.SH,金牛化工,600722,15.68,15.97,18,-3.98,1.1518141960089645,17.942013,1772.533,6.039,-0.062,122063051.0,105974602.0,0,144,146,-2,108,71,37
2026-03-24,300164.SZ,通源石油,300164,19.76,18.91,28,-1.643,1.187347023594667,29.755378,2437.516,4.093,3.996,173536576.0,146154892.0,0,144,146,-2,108,71,37
2026-03-25,002310.SZ,东方新能,002310,3.68,3.8,4,-2.902,1.1387942979429255,23.107228,9951.631,-1.302,6.094,970284012.0,852027459.0,0,218,61,157,168,28,140
2026-03-25,600759.SH,洲际油气,600759,6.01,6.09,14,-6.677,0.9968971549916,11.818589,7420.079,0.0,1.791,489725210.0,491249481.0,0,218,61,157,168,28,140
2026-03-25,600722.SH,金牛化工,600722,15.1,16.9,27,-5.448,0.969925354397376,17.402414,549.499,1.85,6.039,118392048.0,122063051.0,0,218,61,157,168,28,140
2026-03-26,001896.SZ,豫能控股,001896,15.6,15.04,1,-2.925,1.2005847450030476,17.63856,-4955.334,-3.541,7.03,269125869.0,224162326.0,0,175,448,-273,126,268,-142
2026-03-26,002309.SZ,中利集团,002309,4.81,4.74,3,-5.128,19.10911727826784,45.609437,36580.781,4.969,0.0,1097423420.0,57429310.0,4,175,448,-273,126,268,-142
2026-03-26,000547.SZ,航天发展,000547,27.52,28.15,14,1.662,0.7913536398719989,11.237566,77.307,1.386,0.186,178578544.0,225662125.0,0,175,448,-273,126,268,-142
2026-03-27,600396.SH,华电辽能,600396,9.23,8.99,1,3.941,3.454661973495862,23.432861,2838.463,-0.893,4.12,345097350.0,99893232.0,0,224,102,122,143,49,94
2026-03-27,601016.SH,节能风电,601016,5.11,4.93,2,-3.767,2.020307144359368,24.527839,-8227.922,-1.667,8.434,1481025930.0,733069689.0,0,224,102,122,143,49,94
2026-03-27,600666.SH,奥瑞德,600666,5.32,6.08,5,-3.798,15.785078048548144,42.895601,-9436.069,-4.819,0.0,1037967570.0,65756252.0,0,224,102,122,143,49,94
2026-03-30,600396.SH,华电辽能,600396,8.46,8.09,1,-5.895,1.0872212580015466,25.476705,-255.236,-2.6,-0.893,375197175.0,345097350.0,0,244,288,-44,133,175,-42
2026-03-30,001896.SZ,豫能控股,001896,15.5,14.89,3,-6.288,1.039352913768516,14.842295,7548.699,10.414,-3.59,226460978.0,217886509.0,1,244,288,-44,133,175,-42
2026-03-30,600726.SH,华电能源,600726,6.37,6.01,4,-4.641,0.8408508617011426,6.712073,-2619.579,2.141,9.018,501750081.0,596717092.0,0,244,288,-44,133,175,-42
2026-04-01,002309.SZ,中利集团,002309,4.74,4.53,3,-4.049,1.151287956342105,41.87191,13551.083,2.917,11.737,1007493570.0,875101285.0,0,311,129,182,117,49,68
2026-04-01,600726.SH,华电能源,600726,6.27,5.91,8,-2.184,3.3212499912658773,6.962667,12235.912,14.464,-5.652,520482834.0,156712935.0,0,311,129,182,117,49,68
2026-04-01,002149.SZ,西部材料,002149,51.55,50.06,9,0.019,1.0028065091575982,22.043822,-2916.113,-1.829,9.928,107604557.0,107303409.0,0,311,129,182,117,49,68
2026-04-02,002309.SZ,中利集团,002309,4.55,4.98,4,0.442,0.7333976940418587,30.708762,-17421.065,-4.43,2.917,738893461.0,1007493570.0,0,228,816,-588,100,515,-415
2026-04-02,000592.SZ,平潭发展,000592,12.38,12.57,8,2.995,1.1054699588079533,25.701701,-11604.983,-5.503,5.97,492211336.0,445250757.0,0,228,816,-588,100,515,-415
2026-04-02,002082.SZ,万邦德,002082,32.2,34.54,16,-3.012,1.163031843030103,14.815958,2704.514,12.925,6.827,81969726.0,70479348.0,0,228,816,-588,100,515,-415
